identified_date,Company_Name,identified_period,Eastern_Time_ET,Headline,Lead_Paragraphs
2014-01-08,Macy's Incorporated,2014-01-08 to 2014-01-13,17:01,"Macy's to Trim 1.4% of Workforce; Retailer to Cut About 2,500 Jobs, Issues Rosy 2014 View","Macy's Inc. is laying off about 2,500 employees as part of a plan to cut costs and generate $100 million in annual savings, a move that helped the company issue an upbeat profit outlook for the new fiscal year.  The job cuts, which affect about 1.4% of Macy's workforce, coincide with a plan to close five underperforming stores in early spring. Those store closures will be more than offset with eight Macy's and Bloomingdale's store openings already planned."
2014-01-09,Macy's Incorporated,2014-01-08 to 2014-01-13,13:25,"Macy's up in premarket as it gives 2014 profit outlook above Street, announces reorganization","NEW YORK (AP) - Macy's climbed more than 6 percent in premarket trading Thursday after releasing an enthusiastic outlook and announcing a company restructuring that the retailer believes could lead to $100 million in annual savings.  Late Wednesday Macy's Inc. said that it was cutting 2,500 jobs as part of a reorganization to sustain its profitability. The announcement came on the heels of a strong holiday shopping season for the department store, which also runs the higher-end Bloomingdale's chain."
2014-01-10,Macy's Incorporated,2014-01-08 to 2014-01-13,nan,Macy's stock surges after news of layoffs,"Macy's Inc. jumped 7.6 percent, the most in the S&P 500. Many retailers' holiday sales suffered, but Macy's were solid, and it forecast profit for next year ahead of analysts' estimates. Still, it aims to cut costs -- mainly by eliminating 2,500 jobs and closing certain stores, while opening Macy's and Bloomingdale's stores elsewhere. ""Our company has significantly increased sales and profitability over the past four years,"" CEO Terry Lundgren said, but it has ""identified some specific areas where we can improve our efficiency.""     ART Caption: Macy's is laying off 2,500 people and closing stores to improve efficiency. Matthew J. Lee/Globe Staff/2013"
2014-01-11,Macy's Incorporated,2014-01-08 to 2014-01-13,nan,"US: MacyÃ¢ÂÂ to axe 2,500 jobs in cost-cutting.","Retail giant MacyÃ¢ÂÂ is to lay off some 2,500 workers in a round of cost reductions designed to save the business about US$100m a year.  The company, which also released its 2013 Christmas trading figures yesterday (8 January), is to streamline its organisational structure, combining its existing Midwest and North Regions into one North Central Region, thus cutting the number of regions from eight to seven."
2014-01-12,Macy's Incorporated,2014-01-08 to 2014-01-13,nan,Regional Macy's stores safe,"Macy's recently announced it will close five of its 800 stores nationwide, cutting 2,500 jobs, but local stores will not be affected.  Macy's has stores locally in Charleston and Barboursville."
2014-01-13,Macy's Incorporated,2014-01-08 to 2014-01-13,nan,Holiday Discounts Hit Margins,"5 Many stores cut EPS guidance, including American Eagle (AEO), Five Below (FIVE), Sears (SHLD) and Signet Jewelers (SIG) . Target (TGT) cut Q4 guidance as it said its card security breach was far worse than initially reported. Macy's (M) reported solid sales and an upbeat outlook, though it will cut 2,500 jobs. Abercrombie & Fitch (ANF) hiked EPS guidance."
2014-01-15,Macy's Incorporated,2014-01-15 to 2014-01-15,22:26,"J.C. Penney to Close 33 Stores, Cut 2,000 Jobs","J.C. Penney Co. is planning to close 33 underperforming stores and trim 2,000 positions, moves the department-store retailer said are necessary so it can focus on locations that can generate the strongest profits.  The planned closures come as the retailer is struggling to turn itself around after former Chief Executive Ron Johnson's failed effort to remake the company by doing away with promotions and eliminating in-house brands."
2014-01-17,Macy's Incorporated,2014-01-17 to 2014-01-17,nan,Fiesta Mall faces Ã¢ÂÂnockout punchÃ¢ÂÂith departure of MacyÃ¢ÂÂ,"Late last week, Macy's Inc. disclosed it was shuttering its store at Fiesta Mall in Mesa and laying off its 98 employees there this spring. The Mesa store is one of five the department store chain plans to purge nationwide, along with 2,500 employees.  Fiesta Mall has been struggling to stay afloat. In September, previous owner Macerich Co. turned the mall over to the lender through a deed in lieu of foreclosure. The loss of an anchor tenant, local experts believe, could be the death knell for Fiesta Mall. Here's what they said:"
2014-01-22,Macy's Incorporated,2014-01-22 to 2014-01-22,15:24,Target to Cut 475 Jobs; Retailer Joins a Number of Peers Eliminating Jobs After the Holidays,"Target Corp. is laying off about 475 employees, joining a growing number of retailers that have announced job cuts in the wake of a challenging holiday season that was stung by big discounts and muted demand.  The cuts come after mall-based peers Macy's Inc. and J.C. Penney Co. have also disclosed plans to reduce staff. Best Buy Co. also is planning more aggressive cost cutting after reporting weaker U.S. holiday sales."
2014-01-24,Macy's Incorporated,2014-01-24 to 2014-01-24,23:32,"Wal-Mart's Sam's Club to cut 2,300 workers as it strives to be more nimble","NEW YORK (AP) - Wal-Mart Stores Inc. said it's eliminating 2,300 workers at its Sam's Club division as it reduces the ranks of middle managers in a bid to be more nimble.  The layoffs, which cut 2 percent of the membership club's U.S. employee count of about 116,000, mark the largest since 2010 when the Sam's Club unit laid off 10,000 workers as it moved to outsource food demonstrations at its stores."
2014-02-06,Macy's Incorporated,2014-02-06 to 2014-02-06,12:30,Planned U.S. Job Cuts Jump on Retail Layoffs,"Planned job cuts by U.S. employers in January soared 47% from the prior month, according to data from an outplacement firm, with the heaviest layoffs to occur in a battered retail sector after many reported weak holiday sales.  The data echoes what market observers have seen for weeks, as Target Corp. (TGT), Macy's Inc. (M), J.C. Penney Co. (JCP) were among the retailers that unveiled plans to cut jobs following a tough holiday. Many U.S. retail and restaurant companies have said poor winter weather and aggressive discounts led to fewer store visits and lower sales."
2014-02-11,Macy's Incorporated,2014-02-11 to 2014-02-11,nan,Macy's to lay off 69 at downtown Pittsburgh location,"Cincinnati-based Macy's Inc. plans to lay off 69 employees in its downtown Pittsburgh department store, according to a filing with the Pennsylvania Department of Labor & Industry.  Macy's said the layoffs were planned to take effect in mid-March,  according to the filing. It was referred to as a permanent layoff at the 400 Fifth Ave. location but not a closing with the layoffs occurring between March 12 and March 25. The public notice was made to satisfy requirements of the federal Worker Adjustment Retraining Notification, or WARN requirements."
2014-02-25,Macy's Incorporated,2014-02-25 to 2014-02-25,nan,Macy's Profit Tops But Winter Weather Freezes Sales,"Macy's (M) reported fourth-quarter earnings that topped analyst estimates Tuesday but revenue missed as winter weather hurt January sales.  The department store said Q4 earnings jumped 12.7% to $2.31 per share. Analysts polled by Thomson Reuters were only expecting $2.17. Sales dipped 1.6% to $9.2 billion, slightly less than views for $9.27 billion. The recent fourth quarter had one less week than the prior Q4, but on a comparable basis sales were up 1.4%. (Macy's fiscal year ends Feb. 1.)"
2014-03-31,Macy's Incorporated,2014-03-31 to 2014-03-31,nan,Macy's to cut positions as part of Galleria consolidation,"Macy's Inc. (NYSE: M) will cut 136 positions at Houston's Galleria mall, according to the Texas Workforce Commission.  The cuts are at Macy's 2727 Sage Road store,  which will be torn down as part of a major renovation and expansion at the Galleria . The job cuts are expected to occur between May 22 and June 4, according to a Worker Adjustment and Retraining Notification Act letter Macy's sent to the TWC."
2014-04-03,Macy's Incorporated,2014-04-03 to 2014-04-03,12:30,Challenger Gray Says Job Cuts Near 20-Year Low in 1Q,"Job cuts announced by U.S. employers in the first three months of 2014 were at the lowest level for that period since 1995, according to data from an outplacement firm.  According to the Challenger, Gray & Christmas report, the first quarter closed with 34,399 job cuts in March, 18% lower than those reported in February and a 30% drop from a year ago."
2014-08-13,Macy's Incorporated,2014-08-13 to 2014-08-13,nan,"NIGHTLY BUSINESS REPORT for August 13, 2014, PBS","ANNOUNCER: This is NIGHTLY BUSINESS REPORT with Tyler Mathisen and Susie Gharib.  TYLER MATHISEN, NIGHTLY BUSINESS REPORT ANCHOR: Cisco`s big challenge. The Dow component reports better-than-expected earnings but disappoints investors with weak forward guidance and more job cuts."
2015-01-08,Macy's Incorporated,2015-01-08 to 2015-01-09,23:12,"Macy's to close 14 stores, cut 1,300 jobs","US department store giant Macy's said Thursday it would shut 14 stores, cutting more than 1,300 jobs, in a restructuring to boost its focus on the boom in online shopping.  The affected stores, a small fraction of the company's roughly 790 stores across the country, will be closed within several months, Macy's said in a statement after the markets closed."
2015-01-09,Macy's Incorporated,2015-01-08 to 2015-01-09,nan,MacyÃ¢ÂÂ and J.C. Penney Announce Store Closings,"MacyÃ¢ÂÂ said on Thursday that it would close 14 stores but also open two new locations, resulting in annual savings of about $140 million. The retailer said it planned to reinvest the savings in a revamping of its merchandising and marketing operations in response to changes in the way customers shop in stores and online. Ã¢ÂÂe must continue to invest in our business to focus on where the customer is headed Ã¢ÂÂo prepare for whatÃ¢ÂÂ next,Ã¢ÂÂTerry J. Lundgren, MacyÃ¢ÂÂ chief executive, said in a statement. MacyÃ¢ÂÂ said it aimed to increase the number of its outlet stores but was also looking to explore opportunities for an off-price business, like T. J. Maxx. In a separate announcement, J. C. Penney said that it would close about 40 stores this year and cut about 2,250 jobs. Last January, the company announced plans to close 33 stores."
2015-09-18,Macy's Incorporated,2015-09-18 to 2015-09-18,nan,When do companies comply with state's WARN Act?,"Macy's is closing its Bedford store after the holidays.  In Salem, Enterasys Networks laid off about 100 people in May and ignored the state's attempt to meet with the affected employees."
2016-01-06,Macy's Incorporated,2016-01-06 to 2016-01-09,21:12,"Macy's to shut stores, cut jobs","Jan 6 (Reuters) - Department store chain Macy's Inc said it would shut some stores and cut jobs, starting early 2016.  The company said it expects to generate about $400 million in savings beginning this year."
2016-01-07,Macy's Incorporated,2016-01-06 to 2016-01-09,00:31,"Weak Sales at Macy's Spurs New Cost, Worker Cuts--3rd Update","Macy's Inc.'s woes deepened after disappointing holiday sales prompted the department-store chain to cut thousands of jobs and hire more advisers to re-examine its real-estate holdings in markets including New York and San Francisco.  Sales at existing stores in November and December fell 4.7%, and the company said it expects the decline to continue this month. It would be the sharpest holiday period decline since 2008. The company had been expecting fourth quarter sales, which also includes January, to decline between 2% and 3%."
2016-01-08,Macy's Incorporated,2016-01-06 to 2016-01-09,nan,North DeKalb Mall store on Macy's hit list: 89 jobs cut in Decatur; 36 Macy's stores to close throughout U.S.,"Department store giant Macy's announced Thursday a raft of store closings around the country, including the shutdown of the chain's North DeKalb Mall store, which had already begun a closeout sale at the end of last year.  The Cincinnati-based chain blamed the closings --- 36 in all --- on disappointing 2015 sales and said it plans to ""operate more effectively with an organization that is flatter and more agile."""
2016-01-09,Macy's Incorporated,2016-01-06 to 2016-01-09,nan,Macy's to axe thousands of jobs in cost-cutting move.,"US retail giant Macy's is to lay off thousands of workers in a round of cost reductions designed to save the department store operator around US$400m a year after a ""disappointing"" holiday performance.  The company, which also released its 2015 holiday trading figures yesterday (6 January), is to consolidate the grouping of existing Macy's stores into five regions and 47 districts (down from seven regions and 58 districts currently)."
2016-01-13,Macy's Incorporated,2016-01-13 to 2016-01-13,nan,"Macy's confronts bad luck, changing habits","After disappointing holiday sales, retailer Macy's announced Jan. 6 more than 2,100 layoffs. It is also in the middle of closing 36 stores.  So sorry to lose these stores and for the loss of jobs! Retail has changed, and younger customers shop online. If you want your stores to stay in business, you have to go into them and shop. Support your neighborhood retailer."
2016-01-21,Macy's Incorporated,2016-01-21 to 2016-01-21,nan,Amazon enjoyed a record-breaking holiday season but some department store companies reported disappointing sales.,"GAYLE KING: Amazon enjoyed a record-breaking holiday season but some department store companies reported disappointing sales. Among them is Macy`s, which is cutting nearly five thousand jobs. The legendary chain also announced the closing of forty stores across twenty-one states. Its sales for November and December dropped nearly five percent and that`s compared to 2014. Macy`s is under pressure to sale real estate and is looking for new ways to bring in customers that includes opening branches of its discount store, Macy`s Backstage inside some of its existing locations. CBS News financial contributor Mellody Hobson is in Chicago and joins us to sort it all out. Mellody, help us understand, a discount store inside the store? How does that work?"
2016-02-04,Macy's Incorporated,2016-02-04 to 2016-02-04,nan,Layoffs Hit 6-Month High Amid Big Productivity Slump,"The productivity of U.S. workers fellÃÂ ore than expected in the fourth quarter as hiring picked up even as the economy slowed.  That negative combination for corporate profits contributed to a surge in layoffs in January, as retailers such as Wal-Mart (NYSE:WMT) and Macy's (NYSE:M) ÃÂ oined ÃÂ Halliburton (NYSE:HAL),ÃÂ Schlumberger (NYSE:SLB) and other oil companies announcing workforce restructurings, Challenger, Gray & Christmas reported."
2016-02-22,Macy's Incorporated,2016-02-22 to 2016-02-22,nan,Ahead Of Macy's Q4 Results,"(RTTNews) - Macy's Inc. (M) experienced a challenging holiday selling season throughout 2015. In an effort to become more efficient and productive in its operations, the company has planned to cut thousands of jobs and slashed its profit outlook.  The retailer has listed 40 Macy's store closings (out of a current total of about 770 Macy's stores). The 36 Macy's stores being closed in early 2016, along with four others closed in the final three quarters of 2015, account for about $375 million in annual sales, some of which are expected to be retained in nearby stores and with online/mobile sales."
2016-05-13,Macy's Incorporated,2016-05-13 to 2016-05-13,nan,Recovery eluding many big retailers,"For more than a year, the biggest names at the shopping mall have cast a hopeful eye on the declining jobless rate and low gas prices, betting that it was only a matter of time before consumers snapped out of a cycle of tepid spending that has left many retailers grappling with weak sales and declining store traffic.  But, with the likes of Gap, Macy's and Kohl's reporting this week that they rang up surprisingly dismal sales this spring, retailers - especially apparel chains and department stores - are facing a troubling reckoning. The economy is bouncing back, but customers just aren't hitting stores or filling up digital carts like the shopping giants thought they would."
2016-05-15,Macy's Incorporated,2016-05-15 to 2016-05-15,nan,US ECONOMY Retailers suffer despite rebound,"For more than a year, the biggest names at the shopping mall have cast a hopeful eye on the declining jobless rate and low gas prices, betting that it was only a matter of time before consumers snapped out of a cycle of tepid spending that has left many retailers grappling with weak sales and declining store traffic.  But, with the likes of Gap, Macy's and Kohl's reporting this week that they rang up surprisingly dismal sales this spring, retailers - especially apparel chains and department stores - are facing a troubling reckoning. The economy is bouncing back, and customers just aren't hitting stores or filling up digital carts like the shopping giants thought they would."
2016-08-11,Macy's Incorporated,2016-08-11 to 2016-08-12,15:27,News Highlights: Top Global Markets News of the Day,"TOP STORIES    MACY'S TO CLOSE ABOUT 15% OF STORES, CUT JOBS     Macy's said it would shut 100 more stores, about 15% of its base, in the retailer's latest move to contend with falling foot traffic and sliding sales."
2016-08-12,Macy's Incorporated,2016-08-11 to 2016-08-12,nan,"Five things you need to know today, and these stats could change your lifestyle","Good morning, Cincinnati! Here are the five most important things you need to know to start your busy business day: MacyÃ¢ÂÂ to shutter another 100 stores ...  Big news Thursday from Andy Brownfield: Cincinnati-based department store giant MacyÃ¢ÂÂ Inc. announced it will close 100 of its stores in an effort to overhaul its retail strategy.MacyÃ¢ÂÂ will close a majority of those stores in early 2017. Store locations will be announced later and there is no word on layoffs, but when MacyÃ¢ÂÂ closed 40 stores earlier this year, 3,000 employees were impacted. Ã¢ÂÂ¦nd losing our downtown store would be huge"
2017-01-04,Macy's Incorporated,2017-01-04 to 2017-01-07,22:05,"Department-store shares sell off after Kohl's, Macy's reports","Shares of traditional department stores fell in the extended session Wednesday after Kohl's Inc. (KSS) lowered its outlook and Macy's Inc. (M) announced store closures. Kohl's shares dropped 12% to $45.60 after the company after volatile holiday sales. Macy's shares fell 8.6% to $32.80 after hours after the company announced and lay off 6,200 employees in 2017. The news caused a ripple effect across department store shares after hours with shares of Nordstrom Inc. (JWN) down 6% at $46, J.C. Penney shares down 4.4% at $8.10, Dillard's Inc. (DDS) shares falling 3.1% to $61, Sears Holdings Corp. (SHLD) shares down 2.4% at $10.11, and Ross Stores Inc. (ROST) shares declining 1.5% to $65.55.  -Wallace Witkowski; 415-439-6400; AskNewswires@dowjones.com"
2017-01-05,Macy's Incorporated,2017-01-04 to 2017-01-07,00:40,"Macy's to close stores, cut jobs amid weak sales","Macy's says it is eliminating more than 10,000 jobs and plans to move forward with 68 store closures after a disappointing holiday shopping season. The department store chain also lowered its full-year earnings forecast.  The retailer said Wednesday that sales at its established stores fell 2.1 percent in November and December compared to the same period last year. Macy's Inc. pointed to changing consumer behavior and said its performance reflects the challenges that are facing much of the retail industry."
2017-01-06,Macy's Incorporated,2017-01-04 to 2017-01-07,nan,Wall St. socks it to dept. stores,"It's hangover time for the nation's department stores.  With the news that Macy's is axing 10,000 jobs and weak results trickling in from other big chains as shoppers increasingly head to the Web, retail stocks took a nosedive."
2017-01-07,Macy's Incorporated,2017-01-04 to 2017-01-07,21:13,"Macy's to close stores, lay off 10,000 employees in 2017","CHICAGO, Jan. 7 (Xinhua) -- The U.S. department-store chains Macy's has announced its plan to close 68 stores and lay off more than 10,000 employees in 2017 after a disappointing holiday shopping season.    Macy's sales at established stores fell 2.1 percent in November and December compared to the same period in 2015, Macy's said earlier this week."
2017-01-09,Macy's Incorporated,2017-01-09 to 2017-01-10,nan,Major retailer laying off hundreds of Florida workers,"A Cincinnati-based department store filed a Worker Adjustment & Retraining Notification with the state to lay off hundreds of workers in Florida, including dozens in the metro Orlando area.  Macy's Inc. (NYSE: M) notified the state Jan. 6 that it would lay off 100 employees for its Oviedo Marketplace Store at 1400 Oviedo Marketplace Blvd. The layoffs will take effect starting March 6-19."
2017-01-10,Macy's Incorporated,2017-01-09 to 2017-01-10,nan,Macy's will lay off more than 200 in Mass. as part of store closings,"When Cincinnati-based retail giant Macy's Inc. announced last week that it would be closing two department stores in the Bay State, it said 161 employees would be affected by the closures.  On Tuesday, the company in a letter dated Jan. 4 notified the state that it would be cutting 202 employees in total. The cuts would occur between March 6 and March 19, according to the notification."
2017-01-12,Macy's Incorporated,2017-01-12 to 2017-01-13,15:10,"Amazon Touts Job-Creation Plans, Patching Up Rift With Trump","Amazon.com Inc. on Thursday said it plans to create more than 100,000 full-time jobs in the U.S. within the next 18 months, leveraging plans already in the works in part to patch up its contentious relationship with President-elect Donald Trump.  The additional jobs would swell AmazonÃ¢ÂÂ U.S. workforce to 280,000, compared with 30,000 in 2011. However, the online retail giantÃ¢ÂÂ rapid growth has kneecapped traditional retailers including MacyÃ¢ÂÂ Inc. and Sears Holdings Corp., which have been closing stores and cutting jobs by the thousands."
2017-01-13,Macy's Incorporated,2017-01-12 to 2017-01-13,02:09,"Amazon to Add 100,000 Jobs as Brick and Mortar Keeps Crumbling","AmazonÃ¢ÂÂ new warehouse in Baltimore is a rare economic bright spot there, employing 3,000 people full-time in a city ravaged by poverty and a lack of opportunities for less educated workers.  And with AmazonÃ¢ÂÂ announcement Thursday that it plans to hire 100,000 new employees in the next 18 months, the Baltimore facility and at least 70 other Amazon fulfillment centers across the country stand to be among the biggest beneficiaries."
2017-01-15,Macy's Incorporated,2017-01-15 to 2017-01-16,nan,American malls are dying. The loss is personal.,"Two major retail companies dropped bombshells four days into 2017. After posting disappointing holiday sales, Macy's released a list of 68 stores it will close by mid-2017. Sears followed suit by announcing that 42 stores would be shutting down within the year. More than 10,000 jobs will be cut at Macy's alone, but the consequences will reverberate beyond the walls of shuttered department stores. Many Macy's and Sears locations are attached to shopping centers as anchor stores - and when an anchor sinks, it drags down the smaller businesses that depend on the steady foot traffic it draws."
2017-01-16,Macy's Incorporated,2017-01-15 to 2017-01-16,nan,"Despite its sky-high share price, hereÃ¢ÂÂ why I like Amazon; IÃ¢ÂÂ adding Amazon stock to my recommended list, but only for buyers who clearly understand the shares are expensive at this level","Donald TrumpÃ¢ÂÂ press conference was the most talked about event last week, but the most significant story in my view was the announcement from Amazon that it plans to create 100,000 new full-time jobs in the United States over the next 18 months.  ThatÃ¢ÂÂ a huge commitment by a single company and it puts an exclamation point to the sea change that is taking place in U.S. retailing. Only a few days before, MacyÃ¢ÂÂ and Sears both announced nationwide store closings and layoffs after a disappointing Christmas season. MacyÃ¢ÂÂ will close 68 stores and shed 10,000 jobs while Sears will shutter 150 stores (most of which operate under the Kmart brand)."
2017-01-19,Macy's Incorporated,2017-01-19 to 2017-01-19,nan,Here's when Macy's restructuring will hit Cincinnati,"Cincinnati-based retailer Macy's Inc. is eliminating 6,200 employees in a restructuring aimed at culling layers of management, and the Queen City, which houses one of two headquarters for the company, will feel that impact before too long.  Macy's (NYSE: M) spokeswoman Holly Thomas told me many of the impacted employees will depart at the end of January. She didn't have a breakdown by market of how many employees would lose their jobs, but Cincinnati is home to 4,500 Macy's employees between its corporate headquarters and five retail locations, according to Courier research."
2017-02-21,Macy's Incorporated,2017-02-21 to 2017-02-21,nan,"Macy's Profit Drops 13% As Store Closures, Layoffs Take Their Toll","MacyÃ¢ÂÂ profits tumbled 13% in its latest quarter, dragged down by the costs from store closures and job cuts as the retailer attempts to cope with declining sales.  The department store company, which owns the namesake MacyÃ¢ÂÂ stores and BloomingdaleÃ¢ÂÂ stores, still managed to beat expectations on the bottom line and shares ticked up 3% to $33.21 in pre-market trading."
2017-03-10,Macy's Incorporated,2017-03-10 to 2017-03-10,nan,Retailers Shed Jobs Despite Overall Gains,"Retail jobs are disappearing even as the broader economy puts more workers onto the payrolls.  Apparel and accessories specialty stores axed a seasonally 5,500 jobs from January to February, cutting employment in the sector to 1.4 million. Employment at general merchandise stores declined by 19,300 to 3.2 million, including a department store sector decline of 4,700, to 1.3 million."
2017-04-04,Macy's Incorporated,2017-04-04 to 2017-04-04,nan,Ralph Lauren to close up shop on Fifth Avenue,"Ralph Lauren is not immune to the pressures facing store-based retailers.  The fancy clothing company is looking for ways to cut costs and jobs, following in the footsteps of its shopping mall rivals Ã¢ÂÂears, J.C. Penney and Macy's. One way is to close one of its largest stores."
2017-04-07,Macy's Incorporated,2017-04-07 to 2017-04-08,17:49,The retail sector is shedding jobs like itÃ¢ÂÂ a recession; Retailers are shutting down thousands of stores and cutting even more jobs in an effort to meet consumer demand,"Retailers are shutting down thousands of stores and cutting even more jobs in an effort to meet consumer demand  The U.S. retail industry is shedding jobs at an unparalleled pace outside of recession and stands to lose many more as the industry continues to shrink its physical footprint, a response to the shift in consumer shopping habits away from purchasing in stores and malls in favor of e-commerce."
2017-04-08,Macy's Incorporated,2017-04-07 to 2017-04-08,11:54,Retail store job cuts deepen as more buyers migrate online,"NEW YORK (AP) Ã¢ÂÂetail stores are cutting jobs at the sharpest pace in more than seven years, evidence of a seemingly inexorable shift away from employee-heavy stores as Americans increasingly shop online.  A combined 60,600 retail job losses over the past two months have had less to do with the health of U.S. consumer spending than with changes in buying habits. In the age of Amazon, traditional stores, from J.C. Penney to Macy's, have accelerated store closures and are experimenting with the use of fewer employees to staff the remaining stores."
2017-04-11,Macy's Incorporated,2017-04-11 to 2017-04-11,nan,Ã¢ÂÂeKalb County Macy's fulfillment center could lay off 133 employees,"More than 130 employees of a DeKalb County Macy's could lose their jobs, according to a WARN notice posted by the Georgia Department of Economic Development.  The notice was posted for a Macy's Customer Fulfillment Center at 4401 Sarr Parkway in Stone Mountain."
2017-04-13,Macy's Incorporated,2017-04-13 to 2017-04-13,nan,If a $10 minimum wage hurts so much why is this lower wage sector adding the most jobs?,Arizona voters raised the stateÃ¢ÂÂ minimum wage to $10 per hour this year. It will go to $12 per hour by 2020 and also includes paid time off.  Upping the baseline wage from $8.05 to $10 have some employers Ã¢ÂÂusiness and nonprofits Ã¢ÂÂomplaining and saying they canÃ¢ÂÂ afford the hike.
2017-04-21,Macy's Incorporated,2017-04-21 to 2017-04-21,nan,"Think Tank: With Personalization, Retailers Will Fix Big Data Misses","For retailers, big data represents the marketing renaissance that never arrived. Data science made remarkable strides over the past decade, with retailers eagerly investing millions in big data tools as a means to multiple ends, from improving omnichannel shopping experiences to integrating logistics merchandise, and payment tools. And indeed, some gains were achieved operations, supply chain and logistics. Yet, many department stores and mallsÃÂ re struggling. Chains like Sears Holdings Corp., MacyÃ¢ÂÂ Inc. and J.C. Penney Co. Inc.ÃÂ reÃÂ hutteringÃÂ 00 or more stores alone. The Limited closed all 250 stores and cut thousands of jobs. Gap Inc. has also seenÃÂ ales declinesÃÂ n 10 of the last 11 quarters. Abercrombie & Fitch closed 60 stores last year, and 200 in the last two years."
2017-05-31,Macy's Incorporated,2017-05-31 to 2017-05-31,nan,"Kellogg closing distribution centers, cutting jobs Ã¢ÂÂncluding in Arizona",Kellogg Co. is closing distribution operations and axing 180 jobs in Phoenix.  The cuts are part of KelloggÃ¢ÂÂ reconfiguring and reorganizing its distribution channels throughout the U.S. The company Ã¢ÂÂhich has a $24.8 billion market cap Ã¢ÂÂs closing distribution centers and nixing jobs in other states.
2017-07-24,Macy's Incorporated,2017-07-24 to 2017-07-24,nan,"Market Watch - Retail Report 2017: USA Retailers Closing Stores in 2017, is your Favorite Store on the List?","A shocking number of retailers have shut down locations and many more closures are coming. Brick-and-mortar stores are suffering due to competition from online sales, and the closures just keeping coming. The reality is that America has been over-stored and has far too many retail locations, shopping centers and branches of different chains. But stores that are meeting your needs with low prices will continue to thrive. Things haven't been going so well for many retailers recently, thanks to the popularity and ease of online shopping. It can be hard to keep track of all the brands that say they're closing many of their retail locations in 2017, including JCPenney, Macy's and other favorites. Unfortunately, this also means a lot of people will be looking for new jobs in 2017, which is a huge bummer."
2017-08-21,Macy's Incorporated,2017-08-21 to 2017-08-24,22:16,"Macy's to restructure merchandising unit, cut 100 jobs","Aug 21 (Reuters) - U.S. department store chain Macy's Inc said on Monday it would restructure its merchandising operations, which could result in about 100 job cuts.  The company said it expected one-time costs of about $20 million-$25 million mainly in the third quarter, and would save about $30 million on a yearly basis."
2017-08-22,Macy's Incorporated,2017-08-21 to 2017-08-24,nan,Macy's Announces Several Changes; To Cut About 100 Jobs,"Macy's Inc. (M) announces several changes, including the hiring of Hal Lawton as president, the creation of a single simplified merchandising organization. The company expects to cut approximately 100 jobs.Hal Lawton has been named president of Macy's, effective Sept. 8, 2017. As president, Mr. Lawton will be responsible for all aspects of the Macy's brand, including merchandising, marketing, stores, operations, technology, and consumer insights and analytics. Lawton was most recently senior vice president, eBay North America."
2017-08-23,Macy's Incorporated,2017-08-21 to 2017-08-24,nan,Here's who will be impacted by Macy's layoffs,"Cincinnati-based Macy's Inc. announced Aug. 21 that it is restructuring its merchandising organization, resulting in 100 layoffs.  None of those are coming from its Cincinnati operations."
2017-08-24,Macy's Incorporated,2017-08-21 to 2017-08-24,nan,Macy's restructures merchandising unit to focus on speed.,"US retail giant Macy's has revealed a number of changes aimed atboosting speed and responsiveness, including hiring former eBay executive Hal Lawton as president and restructuring its merchandising operations withthe loss of 100 jobs.  The department store retailer, which anticipates one-time costs of about US$20-$25m associated with the restructuring, says its plan will help to save about $30m an annual basis, some of which may be reinvested in the business."
2017-09-13,Macy's Incorporated,2017-09-13 to 2017-09-13,19:43,"Target to hire 100,000 for holiday season rush","(Reuters) - Target Corp <TGT.N> said on Wednesday it would hire 100,000 workers for the holiday season, up 43 percent from last year, as the retailer pulls out all the stops to build on its recent uptick in sales.  The company's shares rose 3.4 percent as the move, coming off four years of flat seasonal hiring, cheered investors in a gloomy retail landscape where companies are shutting hundreds of stores and cutting jobs."
2017-10-06,Macy's Incorporated,2017-10-06 to 2017-10-07,nan,"Now Amazon hits Costco, CVS, Walgreens; Jobs report ends record streak for Dow, S&P 500","Hurricanes Irma and Harvey took the wind out of jobs in September which turned stock down Friday ending a streak of record highs for the Dow Jones Industrial Average and S&P 500.  And Amazon.com (Nasdaq; AMZN) Ã¢ÂÂhich has been rattling retail, grocery and most recently delivery giants United Parcel Service (NYSE: UPS) and FedEx (NYSE: FDX) Ã¢ÂÂs now impacting Costco Wholesale Corp. (Nasdaq: COST) as well as drug store chains CVS Health Corp (NYSE: CVS) and Walgreens (Nasdaq: WBA)."
2017-10-07,Macy's Incorporated,2017-10-06 to 2017-10-07,15:29,"Retail turmoil continues as job-losing streak runs to eight; Another 2,900 retail jobs were lost in September","Another 2,900 retail jobs were lost in September  HereÃ¢ÂÂ some grim jobs news that isnÃ¢ÂÂ particularly hurricane-related: the retail sector has lost jobs for eight months in a row, and ten of the last 12 months."
2017-11-06,Macy's Incorporated,2017-11-06 to 2017-11-06,nan,"Plant Shut-Downs, Closings & Layoffs Profile -- Macy's Inc.",nan
2017-11-09,Macy's Incorporated,2017-11-09 to 2017-11-09,12:52,"MacyÃ¢ÂÂ earnings: Analysts say the company isnÃ¢ÂÂ making much money in retail; MacyÃ¢ÂÂ has been leveraging its real estate and other items, but sales are pressured","MacyÃ¢ÂÂ has been leveraging its real estate and other items, but sales are pressured  MacyÃ¢ÂÂ Inc. is expected to report third-quarter earnings on Thursday before the opening bell."
2017-11-20,Macy's Incorporated,2017-11-20 to 2017-11-20,nan,"Plant Shut-Downs, Closings & Layoffs Profile -- Macy's Inc.",nan
2017-12-01,Macy's Incorporated,2017-12-01 to 2017-12-01,nan,What to know (and maybe worry about) regarding jobs and the Valley's employment market,"Arizona is forcasted to close out 2017 with its lowest job gains since 2011. That comes despite the U.S. unemployment rate at 17-year low, a 3.7 percent jobless rate in metro Phoenix and 3.3 percent GDP growth nationally last quarter.  Arizona likely will close out the year with an addition of 49,000 jobs, according to Lee McPheters, an economist at Arizona State UniversityÃ¢ÂÂ W.P. Carey College of Business."
2018-01-04,Macy's Incorporated,2018-01-04 to 2018-01-05,13:33,"Macy's holiday same-store sales rise 1 pct; to close stores, cut jobs","Jan 4 (Reuters) - Department store operator Macy's Inc said its comparable-store sales during the months of November and December rose 1 percent, leading to a growth in overall comparable sales for the holiday quarter.  The company also said it would close 11 stores, cut jobs and further streamline non-store functions to save about $300 million in costs in 2018."
2018-01-05,Macy's Incorporated,2018-01-04 to 2018-01-05,nan,"Macy's, Sears, J.C. Penney react to holiday sales blitz","Against an overall bright economy and a continually gloomy outlook for department stores, three of the nation's top three chains took different approaches Thursday when it came to how they cast their futures.  Macy's. The famed Cincinnati-based chain said its sales improved slightly over the holidays but that it is nevertheless going forward with 5,000 job cuts, the closure of seven more stores and cuts at other remaining locations."
2018-01-11,Macy's Incorporated,2018-01-11 to 2018-01-11,19:02,MacyÃ¢ÂÂ lays off more than 400 workers as three California stores close; MacyÃ¢ÂÂ plans to shutter 11 stores total nationwide early this year,"MacyÃ¢ÂÂ plans to shutter 11 stores total nationwide early this year  MacyÃ¢ÂÂ Inc. has laid off 436 workers after closing three California stores, in Los Angeles, San Francisco and Laguna Hills."
2018-01-15,Macy's Incorporated,2018-01-15 to 2018-01-15,nan,"Plant Shut-Downs, Closings & Layoffs Profile -- Macy's Inc.",nan
2018-01-17,Macy's Incorporated,2018-01-17 to 2018-01-17,nan,Macy's moving Cincinnati district office,"Cincinnati-based retailer Macy's Inc. will also be relocating a district office when it shutters its Fountain Square retail location in March.  Macy's (NYSE: M) previously announced its plans to close the Fountain Place store at 505 Vine St. across from Fountain Square. That's part of a larger spate of 11 locations closing in early 2018, which itself is part of Macy's larger real estate plan to close 100 stores that are either underperforming or whose real estate is worth more than the business on top of it."
2018-01-19,Macy's Incorporated,2018-01-19 to 2018-01-19,nan,"January retail market: Holiday sales give sweet relief, but e-com takes the cake","Retail employment in the United States fell as the holiday season came to a close, with seasonal employment winding down and companies continuing to shed stores. But a new analysis by S&P Global Market Intelligence provided some cheer for the sector, as retail sales rose significantly in the latter part of the holiday shopping period.  Employment"
2018-02-12,Macy's Incorporated,2018-02-12 to 2018-02-13,nan,"Plant Shut-Downs, Closings & Layoffs Profile -- Macy's Inc.",nan
2018-02-13,Macy's Incorporated,2018-02-12 to 2018-02-13,21:24,"JC Penney to shut Milwaukee distribution center, cut 670 jobs","Feb 13 (Reuters) - JC Penney Co Inc said on Tuesday it would close its Milwaukee distribution and customer care center and cut about 670 jobs.  ""The company's supply chain network is oversized relative to its national store footprint, and can be optimized by transferring operations to facilities in Lenexa, Kansas, and Columbus, Ohio,"" JC Penney's spokesman Carter English said in a statement."
2018-03-02,Macy's Incorporated,2018-03-02 to 2018-03-02,18:41,"J.C. Penney says it has cut jobs, offers muted outlook","NEW YORK (AP) Ã¢ÂÂepartment store chain J.C. Penney says it has cut more than 300 jobs and reported disappointing sales at established stores for the quarter that includes the holiday season. It also delivered a muted outlook, and its shares fell 6 percent.  The news Friday overshadowed strong profits as investors worried about Penney's ability to remake itself in a changing retail market Ã¢ÂÂspecially after the good economy contributed to stronger results at chains such as Macy's and Kohl's."
2018-04-30,Macy's Incorporated,2018-04-30 to 2018-04-30,10:30,"Retail's Other Problem: Too Few Clerks in the Store; Macy's, J.C. Penney and others have cut jobs even more than they have closed stores","Many of America's biggest retailers, under assault from Amazon.com Inc., have been slashing staff even faster than they have been closing stores, a dynamic that has left fewer clerks and longer checkout lines at remaining locations.  Despite operating roughly the same number of stores as it did a decade ago, Macy's Inc. has shed 52,000 workers since 2008. At J.C. Penney Co., workers have disappeared twice as fast as department stores. That has led to an average of 112 total Penney employees for every store today, down from 145 a decade ago, according to a Wall Street Journal analysis."
2018-05-22,Macy's Incorporated,2018-05-22 to 2018-05-22,14:36,J.C. Penney CEO Quits to Join Lowe's,"Marvin Ellison is quitting his job as chief executive of struggling J.C. Penney Co. to take over leadership of Lowe's Cos., another retailer in need of a revamp.  The retail veteran joined Penney in 2014 and shifted the department-store chain away from apparel toward appliances. Last year, he closed hundreds of stores and slashed jobs. But the company's sales continue to lag behind rivals."
2018-09-30,Macy's Incorporated,2018-09-30 to 2018-09-30,nan,Seasonal jobs shift as e-commerce continues to rise,"The number of seasonal employees hired by retailers this year is expected to grow after several years of decline in workers brought on as part-timers during the holidays.  Underlying the reversal is an explosion of items being bought online, thus forcing retailers to boost their headcounts in warehouses and fulfillment centers to keep up."
2018-11-13,Macy's Incorporated,2018-11-13 to 2018-11-14,07:32,Macy's Set to Slim Down Stores -- WSJ,"Retailer plans to cut staff and merchandise at slower locations, wall off empty space    By Suzanne Kapner"
2018-11-14,Macy's Incorporated,2018-11-13 to 2018-11-14,12:45,Macy's is making a move that signals the death of department stores as we know them (M),* Macy's is shrinking the size of some of its less productive stores and cutting back on staff.  * CEO Jeff Gennette told The Wall Street Journal that he plans to cut down on merchandise so that these smaller locations require fewer employees. He also hopes that a more curated assortment will create a better shopping experience for the customer.
2019-01-10,Macy's Incorporated,2019-01-10 to 2019-01-10,17:45,Macy's is closing eight stores early this year Ã¢ÂÂere's the full list (M),"* Macy's is closing eight stores in early 2019 as part of planned closures announced over two years ago.  * In August 2016, Macy's said that it would close 100 stores. Since then, it has been shuttering these locations as their leases expire."
2019-01-14,Macy's Incorporated,2019-01-14 to 2019-01-14,nan,"Plant Shut-Downs, Closings & Layoffs Profile -- Macy's Inc.",nan
2019-02-11,Macy's Incorporated,2019-02-11 to 2019-02-11,nan,"Plant Shut-Downs, Closings & Layoffs Profile -- Macy's Inc.",nan
2019-02-25,Macy's Incorporated,2019-02-25 to 2019-02-27,nan,"Plant Shut-Downs, Closings & Layoffs Profile -- Macy's Inc.",nan
2019-02-26,Macy's Incorporated,2019-02-25 to 2019-02-27,14:53,Macy's is cutting 100 management jobs as part of a restructuring plan that it expects to save $100 million annually (M),* Macy's is cutting 100 management jobs as part of a restructuring plan.  * The department store is expecting this change to generate annual savings of $100 million.
2019-02-27,Macy's Incorporated,2019-02-25 to 2019-02-27,nan,Macy's to cut about 100 top jobs,Macy's will cut about 100 top jobs and double down on its most popular merchandise to boost profits after a disappointing holiday season.  The retailer says it will eliminate about 100 positions at the vice-president level and above to make the company more nimble as it focuses on ways to woo shoppers.
2019-03-01,Macy's Incorporated,2019-03-01 to 2019-03-01,nan,Macy's top execs explain layoffs in letters to employees,Cincinnati-based Macy's Inc.'s CEO and its president both defended the recently announced layoffs of 100 executives and laid out their strategy for 2019 in a pair of letters sent to the retailer's employees.  Macy's (NYSE: M) announced alongside its fourth quarter 2018 earnings on Feb. 26 that it is laying off 100 employees at the vice president level and above.
2019-03-04,Macy's Incorporated,2019-03-04 to 2019-03-04,nan,"Plant Shut-Downs, Closings & Layoffs Profile -- Macy's Inc.",nan
2019-03-15,Macy's Incorporated,2019-03-15 to 2019-03-15,nan,"05:53 EDT Macy's to cut dozens of IT workers in New York, NY Post reportsMacy's...","05:53 EDT Macy's to cut dozens of IT workers in New York, NY Post reportsMacy's (M) is cutting dozens of IT employees in New York as it outsources the majority of its technology help desk, the New York Post's Lisa Fickenscher reports, citing a source familiar with the unit's work. Roughly 57 workers will be laid off by June 9 as Macy's is using NCR (NCR) for their functions and layoffs are in addition to the 100 cuts among the company's senior management.  Reference Link"
2019-03-18,Macy's Incorporated,2019-03-18 to 2019-03-18,nan,MacyÃ¢ÂÂ plans IT field services layoffs,"MacyÃ¢ÂÂ will be saving some expenses by eliminating almost 60 IT-related jobs.  According to a Worker Adjustment and Retraining Notification (WARN) notice filed on March 8, the MacyÃ¢ÂÂ Systems and Technology Field Services and Operational Unit headquartered in Bay Shore, New York, will lay off 57 employees. The notice lists the unitÃ¢ÂÂ business type as Ã¢ÂÂreating, gathering, and directing pieces of data to form management tools.Ã¢ÂÂ"
2019-06-17,Macy's Incorporated,2019-06-17 to 2019-06-17,nan,"Plant Shut-Downs, Closings & Layoffs Profile -- Macy's Inc.",nan
2019-09-05,Macy's Incorporated,2019-09-05 to 2019-09-05,16:44,"UPDATE 1-Macy's sees savings of up to $550 mln from targeted promotions, better pricing","(Adds details from retail conference, background)  Sept 5 (Reuters) - Macy's Inc said on Thursday it aimed to save $400 million to $550 million annually in the next two to four years, as the department store chain cuts back on discounts, sending its shares up 5% in mid-day trading."
2019-09-26,Macy's Incorporated,2019-09-26 to 2019-09-26,nan,MacyÃ¢ÂÂ Stock Is Down 50% So Far This Year. HereÃ¢ÂÂ Why The Famous Retailer Is Struggling.,"Topline: MacyÃ¢ÂÂÃ¢ÂÂhe largest department store in the U.S.Ã¢ÂÂas struggled in recent years thanks to a declining retail industry and now global trade pressures. Although the outlook going forward is far from rosy, the company is cutting costs and updating its stores in a bid to become relevant again.  * MacyÃ¢ÂÂ stock is down 50% in 2019, markedly lagging the rest of the S&P 500 since January. In fact, MacyÃ¢ÂÂ is one of the worst performers in the index so far this year. The stock currently trades near $15 per share, down from its $40 high in 2018. The 160-year-old companyÃ¢ÂÂ valuation has almost halved since then, falling from $8 billion in January to $4.8 billion now."
2020-01-07,Macy's Incorporated,2020-01-07 to 2020-01-08,16:18,Macy's is closing at least 15 stores Ã¢ÂÂere's the full list,"* Macy's is closing at least 15 stores in early 2020.  * In August 2016, Macy's said that it would close 100 of its stores. Since then, it has been shuttering locations as their leases expire. When reached by Business Insider, a spokesperson for Macy's did not comment on whether these 15 stores were part of its planned closures from 2016."
2020-01-08,Macy's Incorporated,2020-01-07 to 2020-01-08,16:56,Macy's is closing a call center in a move that will affect 800 jobs,"* Macy's is closing one of its call centers in Arizona next month, affecting more than 800 jobs.  * A spokesperson for Macy's told Business Insider that the call center in Tempe, Arizona, would close in early February and that its operations would be removed to two other locations in the US."
2020-01-13,Macy's Incorporated,2020-01-13 to 2020-01-14,nan,"RETAIL SHOPPING: Macy's announces it intends to close South DeKalb store: Area residents worry what closure means for employees, loss of jobs.","Charlie Mae Adams came to the Macy's at The Gallery at South DeKalb on Saturday in search of some nice shoes. The store has been a fixture in South DeKalb for more than 50 years, but Macy's announced Tuesday it will close the department store in a few months.  Adams and others said they are worried about the future of Macy's employees and the mall itself. This Macy's, formerly a Rich's, has been a part of this community since the mall opened in 1968. It stayed in south DeKalb, one of the first suburban destinations for working-class African American families, when other businesses and residents left."
2020-01-14,Macy's Incorporated,2020-01-13 to 2020-01-14,nan,Express Triggers 10 Percent Cutback,"Emotions ran high at Express Inc. on Tuesday, when the specialty chain laid off 10 percent of its workforce at the Columbus, Ohio headquarters and the New York design studio, WWD learned.  While confirming that layoffs were triggered, the company did not disclose how many workers lost their jobs. The company has approximately 5,200 full-time workers. The cutbacks at Express follows those recently revealed at BloomingdaleÃ¢ÂÂ. MacyÃ¢ÂÂ, which like BloomingdaleÃ¢ÂÂ is a division of MacyÃ¢ÂÂ Inc., is also expected to soon disclose a restructuring. ItÃ¢ÂÂ not unusual for retailers to make organizational and store fleet changes in the aftermath of the holiday selling season."
2020-01-20,Macy's Incorporated,2020-01-20 to 2020-01-20,nan,"Plant Shut-Downs, Closings & Layoffs Profile -- Macy's Inc.",nan
2020-01-27,Macy's Incorporated,2020-01-27 to 2020-01-27,nan,"Plant Shut-Downs, Closings & Layoffs Profile -- Macy's Inc.",nan
2020-02-03,Macy's Incorporated,2020-02-03 to 2020-02-06,nan,"Plant Shut-Downs, Closings & Layoffs Profile -- Macy's Inc.",nan
2020-02-04,Macy's Incorporated,2020-02-03 to 2020-02-06,15:16,Hundreds of Macy's tech workers are being laid off or relocated as the retailer closes an office in San Francisco,"* Macy's CEO Jeff Gennette informed affected workers on Monday that the company would be closing its San Francisco tech office, according to employees there. A spokesperson for the company confirmed the news to Business Insider.  * Employees from two of Macy's tech offices told Business Insider that workers were told they would either lose their job or have the option to apply for a job at a sister office."
2020-02-05,Macy's Incorporated,2020-02-03 to 2020-02-06,00:03,"Macy's to close 125 stores, shed 2,000 corporate jobs","NEW YORK (AP) Ã¢ÂÂMacy's said Tuesday it is closing 125 of its least productive stores and cutting 2,000 corporate jobs as the struggling department store tries to reinvent itself in the age of online shopping.  The store closures represent about one fifth of Macy's current total. They include about 30 that are in the process of closing and account for $1.4 billion in annual sales."
2020-02-06,Macy's Incorporated,2020-02-03 to 2020-02-06,07:24,"MacyÃ¢ÂÂ stores at risk of closing drive an average of 80% less sales than Ã¢ÂÂrowthÃ¢ÂÂtores: JPMorgan; MacyÃ¢ÂÂ announced itÃ¢ÂÂ closing 125 stores over three years and cutting more than 2,000 jobs","MacyÃ¢ÂÂ announced itÃ¢ÂÂ closing 125 stores over three years and cutting more than 2,000 jobs  MacyÃ¢ÂÂ Inc. announced on Tuesday that it will close about 125 underperforming stores over the next three years, and figures provided by JPMorgan analysts indicate just how unproductive those locations are the chopping block actually are."
2020-02-10,Macy's Incorporated,2020-02-10 to 2020-02-12,nan,Macy's moves headquarters to LIC amid closures; It's rumored Apple could take the iconic department store's space at 11 Penn Plaza,"Macy's will relocate its corporate headquarters to Long Island City as part of its decision to cut stores, lay off workers and resuscitate its ailing sales.  The company, which has for years had its headquarters at 11 Penn Plaza, next to its Herald Square flagship, leased over 850,000 square feet last year at 28-07 Jackson Avenue for corporate staff for both Macy's and its sister department store brand Bloomingdale's."
2020-02-11,Macy's Incorporated,2020-02-10 to 2020-02-12,nan,Macy's Rewards grow despite closings,"Macy's is banking on building more loyal shoppers as part of its turnaround strategy.  Despite announcing last week the retailer would close approximately 125 stores and cut 2,000 jobs over the next three years, Macy's officials said they are enhancing the Star Rewards program as part of their restoration plan."
2020-02-12,Macy's Incorporated,2020-02-10 to 2020-02-12,nan,Kohl's eliminates about 250 positions in restructuring,"Department store chain KohlÃ¢ÂÂ Corp. is laying off 250 employees as part of a restructuring plan.  The move is part of the retailerÃ¢ÂÂ efforts to have a Ã¢ÂÂore customer-centric focus,Ã¢ÂÂccording to a statement from Jen Johnson, the companyÃ¢ÂÂ senior vice president of communications. Menomonee Falls-based KohlÃ¢ÂÂ (NYSE: KSS) expects the restructuring to position the company for long-term success, Johnson said."
2020-02-24,Macy's Incorporated,2020-02-24 to 2020-02-26,nan,"Plant Shut-Downs, Closings & Layoffs Profile -- Macy's Inc.",nan
2020-02-25,Macy's Incorporated,2020-02-24 to 2020-02-26,12:50,"Macy's Reports Profit, Sales Decline","Macy's Inc. said sales and profit declined in its latest quarter, but the retailer's overall financial results were in line with its postholiday estimates.  Earlier this month, the company said it planned to close 125 department stores over three years and cut about 2,000 corporate jobs to combat lackluster growth and profits."
2020-02-26,Macy's Incorporated,2020-02-24 to 2020-02-26,nan,Strong Fourth Quarter for Macy's Heading to Transition Year; BANKING/FINANCE,Macy's reported stronger-than-expected sales and profits for the fourth quarter less than a month after it announced a major restructuring.  Shares rose 3% before the opening bell Tuesday but gave up those gains along with the broader markets.
2020-03-01,Macy's Incorporated,2020-03-01 to 2020-03-02,nan,Macy's.(RETAIL),"* Macy's is closing stores in Vero Beach, laying off 85, and Pompano Beach, laying off 105, plus a Bloomingdale's at The Falls in Miami, laying off 146, and a store in Sanford, laying off 111.  By Mike Vogel"
2020-03-02,Macy's Incorporated,2020-03-01 to 2020-03-02,14:37,VC Daily: U.S. Grant Program Under Scrutiny; Passage Bio IPO; Rockets of Awesome Layoffs,"Good day. After stocks finished last week with their biggest weekly losses since 2008 and companies around the world scrambled to adjust, recent rosy projections for the venture industry may have to be revised.  For instance, last week's Silicon Valley Venture Capitalist Confidence Index, which measures venture capitalists' belief in the ""high-growth venture entrepreneurial environment in the San Francisco Bay Area over the next 6 - 18 months,"" signaled smooth sailing ahead. That may already be obsolete as investors survey a changing landscape after last week's selloff."
2020-03-23,Macy's Incorporated,2020-03-23 to 2020-03-23,nan,"Plant Shut-Downs, Closings & Layoffs Profile -- Macy's Inc.",nan
2020-03-30,Macy's Incorporated,2020-03-30 to 2020-04-04,16:17,"Macy's To Furlough Majority Of Its 130,000 Workers This Week After Losing 'majority' Of Sales -- MarketWatch","Macy's Inc. (M) said Monday that it will furlough most of its staff as store closures take a toll. As of Nov. 2019, Macy's had 130,000 staff members. The department store retailer's digital sales business remains operational, but it has lost the ""majority"" of its sales due to store closures, the company said in a statement. Stores have been closed since March 18 and will remain closed until further notice. Macy's has already (http://www.marketwatch.com/story/macys-halts-dividend-withdraws-guidance-2020-03-20) withdrawn its guidance, drawn down all of its $1.5 billion revolving credit facility and taken other steps amid the coronavirus outbreak. Macy's stock has plummeted more than 77% over the last year while the S&P 500 index is down 8.4% for the period."
2020-03-31,Macy's Incorporated,2020-03-30 to 2020-04-04,0,"Furloughs at Macy's, Gannett and Gap signal mounting economic distress","Major companies signaled a new wave of economic distress Monday, sending hundreds of thousands of workers home without pay, as the Trump administration scrambled to get stimulus money to Americans already feeling the weight of unpaid bills.  Macy's announced it will furlough most of its 125,000 workers as sales evaporated with the shuttering of 775 stores. Kohl's and Gap also announced furloughs of about 80,000 each. Media giant Gannett announced furloughs for newspaper employees who earn more than $38,000 a year and pay cuts across the company. Sysco Corp., the country's largest food distributor, also confirmed thousands of furloughs and layoffs of undisclosed number of workers worldwide."
2020-04-01,Macy's Incorporated,2020-03-30 to 2020-04-04,00:16,Macy's to drop from S&P 500 to small-cap index,"(Reuters) - Macy's Inc <M.N> will be removed from the benchmark S&P 500 stock index <.SPX>, the S&P Dow Jones Indices said on Tuesday, as coronavirus-induced store closures compound the retail sector's struggles with a shift to online shopping.  The company's shares have plunged more than 70% so far this year, leaving Macy's with a market value of $1.52 billion as of Tuesday's close, according to Refinitiv IBES data."
2020-04-02,Macy's Incorporated,2020-03-30 to 2020-04-04,03:59,Companies Hit Hard by Coronavirus Look to Cut 401(k) Contributions,"The marketÃ¢ÂÂ decline has already damaged retirement account balances. Now, more companies are cutting the contributions they make to employeesÃ¢ÂÂ01(k) plans to save cash in the economic crisis sparked by the coronavirus.  Amtrak, La-Z-Boy Inc., retailer Mattress Firm Inc., and travel tech company Sabre Corp. are among the first in an expected wave of businesses suspending or reducing matching contributions to employeesÃ¢ÂÂ01(k)s, a move that can have a spillover effect on workersÃ¢ÂÂwn contributions."
2020-04-03,Macy's Incorporated,2020-03-30 to 2020-04-04,23:19,"Macy's, Johnson & Johnson, 3M: Stocks That Defined the Week","Macy's Inc.  It was a painful week for employees of some of America's biggest retailers as tens of thousands of workers learned their paychecks would soon end. Macy's said Monday that it would furlough the majority of its 125,000-person workforce, but would keep paying health benefits and cover 100% of premiums at least through May. Gap Inc. also is furloughing the majority of store workers in the U.S. and Canada, but will continue to pay applicable benefits until stores reopen. Macy's shares fell 2.9% Monday."
2020-04-04,Macy's Incorporated,2020-03-30 to 2020-04-04,07:32,"Macy's, Johnson & Johnson, 3M: Stocks That Defined the Week -- WSJ","This article is being republished as part of our daily reproduction of WSJ.com articles that also appeared in the U.S. print edition of The Wall Street Journal (April 4, 2020).  Macy's Inc."
2020-04-06,Macy's Incorporated,2020-04-06 to 2020-04-09,03:20,"MacyÃ¢ÂÂ, Johnson & Johnson, 3M: Stocks That Defined the Week","MacyÃ¢ÂÂ Inc.  It was a painful week for employees of some of AmericaÃ¢ÂÂ biggest retailers as tens of thousands of workers learned their paychecks would soon end. MacyÃ¢ÂÂ said Monday that it would furlough the majority of its 125,000-person workforce, but would keep paying health benefits and cover 100% of premiums at least through May. Gap Inc. also is furloughing the majority of store workers in the U.S. and Canada, but will continue to pay applicable benefits until stores reopen. MacyÃ¢ÂÂ shares fell 2.9% Monday."
2020-04-07,Macy's Incorporated,2020-04-06 to 2020-04-09,13:54,Companies Cite New Government Benefits in Cutting Workers,"When Equinox had to start furloughing some employees at its chain of upscale fitness clubs, Executive Chairman Harvey Spevak had a surprising message to stakeholders.  ""We believe most will be better off receiving government assistance during our closure,"" he said in an email. The company said the majority of employees remain on its payroll."
2020-04-08,Macy's Incorporated,2020-04-06 to 2020-04-09,15:12,Tractor Supply CEO Talks Pet-Food Hoarding During the Pandemic,"It was only three months ago that Hal Lawton took the helm of Tractor Supply Co., whose nearly 2,000 stores nationwide cater to rural Americans with items from chicken coops to pet food.  Since then, the coronavirus has upended American life and business. Many retailers, such as Macy's Inc. -- where Mr. Lawton was president before taking the chief executive job at Tractor Supply -- have shut stores and furloughed much of their workforces after a number of states ordered nonessential businesses to close."
2020-04-09,Macy's Incorporated,2020-04-06 to 2020-04-09,07:32,Boss Talk: Tractor Supply CEO Discusses Virus's Impact on the Business -- WSJ,"This article is being republished as part of our daily reproduction of WSJ.com articles that also appeared in the U.S. print edition of The Wall Street Journal (April 9, 2020).  It was only three months ago that Hal Lawton took the helm of Tractor Supply Co., whose nearly 2,000 stores nationwide cater to rural Americans with items from chicken coops to pet food."
2020-04-11,Macy's Incorporated,2020-04-11 to 2020-04-14,00:18,"McDonald's, JPMorgan Chase, Macy's: Stocks That Defined the Week; Here are seven major companies whose stocks moved on the week's news","McDonald's Corp.  The drive-through is helping McDonald's ride out the coronavirus crisis. The hamburger chain said Monday that sales fell 22% in March but that 99% of its U.S. restaurants are currently offering some service via drive-through windows, allowing customers to purchase food without leaving their cars. That gives McDonald's and other fast-food companies a relative advantage over table-service chains like Olive Garden operator Darden Restaurants Inc. and Denny's Corp. that are pivoting to pickup and delivery options. McDonald's shares rose 1.1% Wednesday."
2020-04-12,Macy's Incorporated,2020-04-11 to 2020-04-14,14:00,RPT-EXCLUSIVE-Macy's taps Lazard to bolster finances as coronavirus saps sales -sources,"NEW YORK, April 11 (Reuters) - Macy's Inc has hired investment bank Lazard Ltd to explore options for bolstering its finances after the department store operator lost most of its revenue as it shut down all its stores as a result of the coronavirus outbreak, people familiar with the matter said.  The move by Macy's, the largest U.S. department store operator by sales, is a sign of the severity of the crisis facing brick-and-mortar retailers, which were already struggling with the shift to online shopping. The pandemic has forced store closures and widespread furloughs of employees as state after state issued shelter-in-place orders in efforts to contain the spread of the coronavirus, which causes the COVID-19 respiratory illness."
2020-04-13,Macy's Incorporated,2020-04-11 to 2020-04-14,nan,"Plant Shut-Downs, Closings & Layoffs Profile -- Macy's Inc.",nan
2020-04-14,Macy's Incorporated,2020-04-11 to 2020-04-14,16:08,UPDATE 1-J.C. Penney to hire advisors as it mulls debt management options - Bloomberg News,"(Adds J.C. Penney's response, background, shares)  April 14 (Reuters) - J.C. Penney Co Inc has approached consulting firm AlixPartners LLP as the U.S. retailer looks at options for managing its debt, Bloomberg News reported on Tuesday, citing people with knowledge of the matter."
2020-04-21,Macy's Incorporated,2020-04-21 to 2020-04-21,17:51,The Death of the Department Store: Ã¢ÂÂery Few Are Likely to SurviveÃ¢ÂÂ,"Shuttered flagships. Empty malls. Canceled orders. Risks of bankruptcy. The coronavirus has hit the behemoths of the retail world.  American department stores, once all-powerful shopping meccas that anchored malls and Main Streets across the country, have been dealt blow after blow in the past decade. J.C. Penney and Sears were upended by hedge funds. MacyÃ¢ÂÂ has been closing stores and cutting corporate staff. Barneys New York filed for bankruptcy last year."
2020-04-29,Macy's Incorporated,2020-04-29 to 2020-04-29,02:33,Virus pushes iconic American department stores to the brink,"The Macy's department store located two blocks from the Empire State Building in New York City is a stop on many tourists' itineraries, but visitors may need to find another shopping temple once the coronavirus pandemic is over.  Iconic American department store chains like Macy's, Nordstrom and JCPenney are in a fight for survival as the coronavirus pandemic forces them to close and lay off their employees, worsening their already precarious financial situation."
2020-05-01,Macy's Incorporated,2020-05-01 to 2020-05-01,07:32,Amazon's Sales Soar As Profit Takes Hit -- WSJ,"This article is being republished as part of our daily reproduction of WSJ.com articles that also appeared in the U.S. print edition of The Wall Street Journal (May 1, 2020).  Amazon.com Inc. reported soaring quarterly sales as homebound customers flooded it with online shopping orders, capping a string of earnings reports from big tech companies that show how the coronavirus pandemic has fueled demand for their products and services."
2020-05-21,Macy's Incorporated,2020-05-21 to 2020-05-22,nan,Unemployment Rush Continues With 2.4 Million Jobless Claims,"The country might be starting to open back up, but the job market is still pretty locked down.ÃÂ ÃÂ   More than 2.4 million people applied for unemployment benefits last week Ã¢ÂÂaking for a nine-week total of 38.9 million."
2020-05-22,Macy's Incorporated,2020-05-21 to 2020-05-22,nan,"Is Macy's Stock A Buy Ahead Of Reopenings? Here's What Earnings, Chart Show","Macy's stock has cliff-dived to record lows as the coronavirus pandemic shuts down the global economy. Moreover, since 2015, shares of the iconic department store have fallen amid the exodus away from malls in favor of online and off-price retailers.  Yet over that time, occasional signs of hope have surfaced, raising questions over whether gains are still possible in the age of Amazon. And after closing its stores and furloughing most of its employees, Macy's stock ran higher in May, after the company said it planned to reopen most locations by late June and that demand at reopened stores was greater than expected."
2020-06-12,Macy's Incorporated,2020-06-12 to 2020-06-13,13:55,"Please Hold. Shoppers Wait and Wait to Reach Lululemon, Best Buy","A month after returning too-small yoga pants he had bought his girlfriend, Mark Quinn still hadn't gotten his money back from Lululemon.  Like other annoyed online shoppers, the 55-year-old executive from Boynton Beach, Fla., called and emailed the company to no avail. ""You just couldn't get through to anybody, it was torture,"" Mr. Quinn said, until he finally got through and received his refund."
2020-06-13,Macy's Incorporated,2020-06-12 to 2020-06-13,07:32,Surge of Online Sales Puts Shoppers on Hold -- WSJ,"This article is being republished as part of our daily reproduction of WSJ.com articles that also appeared in the U.S. print edition of The Wall Street Journal (June 13, 2020).  A month after returning too-small yoga pants he had bought his girlfriend, Mark Quinn still hadn't gotten his money back from Lululemon."
2020-06-25,Macy's Incorporated,2020-06-25 to 2020-07-01,13:06,"Macy's to Cut 3,900 Corporate Jobs","Macy's Inc. is laying off roughly 3,900 corporate staffers as the retailer, like other businesses, confronts a slow recovery from a coronavirus-induced economic crisis that wiped out its profits in the most recent quarter.  The job cuts, representing about 3% of its total workforce, excluding seasonal employees, are in corporate and management areas. Macy's has further reduced staffing across its stores, supply chain and customer support departments, but may reinstate some positions as sales recover, the company said Thursday."
2020-06-26,Macy's Incorporated,2020-06-25 to 2020-07-01,05:10,"Macy's to Cut 3,900 Corporate Jobs -- 2nd Update","Macy's Inc. is laying off roughly 3,900 corporate staffers as the retailer, like other businesses, confronts a slow recovery from a coronavirus-induced economic crisis that wiped out its profits in the most recent quarter.  The job cuts, representing about 3% of its total workforce, excluding seasonal employees, follow about 2,000 corporate layoffs in February. Macy's has further reduced staffing across its stores, supply chain and customer support departments, but may reinstate some positions as sales recover, the company said Thursday."
2020-06-27,Macy's Incorporated,2020-06-25 to 2020-07-01,02:47,Why Amazon Should Buy Macy's -- Barrons.com,"Amazon.com expects year-over-year sales to surge 27% in the second quarter, and its stock is up by 40%. Macy's has closed stores, furloughed workers, and seen its sales and shares tumble by 60% this year -- though, unlike many of its retail rivals, it remains solvent. Nonetheless, Dominic Rispoli, a managing director with Lincoln International's consumer group and head of its retail effort, thinks that Amazon, which acquired Whole Foods Market in 2017, should consider buying the 116-year-old retailer with some of its $27 billion in cash."
2020-06-28,Macy's Incorporated,2020-06-25 to 2020-07-01,16:51,Why Amazon Should Buy Macy's,"Amazon.com expects year-over-year sales to surge 27% in the second quarter, and its stock is up by 40%. Macy's has closed stores, furloughed workers, and seen its sales and shares tumble by 60% this yearÃ¢ÂÂhough, unlike many of its retail rivals, it remains solvent. Nonetheless, Dominic Rispoli, a managing director with Lincoln International's consumer group and head of its retail effort, thinks that Amazon, which acquired Whole Foods Market in 2017, should consider buying the 116-year-old retailer with some of its $27 billion in cash."
2020-06-29,Macy's Incorporated,2020-06-25 to 2020-07-01,nan,Might Amazon Bag Macy's?,"Amazon.com expects year-over-year sales to surge 27% in the second quarter, and its stock is up by 40%. Macy's has closed stores, furloughed workers, and seen its sales and shares tumble by 60% this yearÃ¢ÂÂhough, unlike many of its retail rivals, it remains solvent. Nonetheless, Dominic Rispoli, a managing director with Lincoln International's consumer group and head of its retail effort, thinks that Amazon, which acquired Whole Foods Market in 2017, should consider buying the 116-year-old retailer with some of its $27 billion in cash."
2020-06-30,Macy's Incorporated,2020-06-25 to 2020-07-01,13:44,Macy's to layoff over 200 employees across 2 Maryland malls,"ANNAPOLIS, Md. (AP) Ã¢ÂÂMacyÃ¢ÂÂ announced it will lay off more than 200 of its employees across two malls in Maryland.  The department store notified the Maryland Department of Labor of the cuts last week, saying nearly 130 employees at The Mall in Columbia, and about 100 in Westfield Annapolis will be laid off, The Capital Gazette reported on Monday."
2020-07-01,Macy's Incorporated,2020-06-25 to 2020-07-01,18:05,"MacyÃ¢ÂÂ to shed 3,900 jobs as part of restructuring","Cuts to administrative and management roles expected to save $365m this financial year  US department store chain MacyÃ¢ÂÂ will cut about 3,900 jobs as part of a restructuring to help it cope with the effect of store closures during the pandemic."
2020-07-03,Macy's Incorporated,2020-07-03 to 2020-07-04,18:40,"Dark day for workers as thousands lose jobs including 15,000 at Boeing rival Airbus; A raft of employers have announced thousands of job cuts in two days signaling lasting problems caused by coronavirus lockdowns",A raft of employers have announced thousands of job cuts in two days signaling lasting problems caused by coronavirus lockdowns  A raft of employers have announced thousands of job cuts in two days signaling lasting problems caused by coronavirus lockdowns
2020-07-04,Macy's Incorporated,2020-07-03 to 2020-07-04,nan,Macy's to cut thousands of positions in restructuring,"Department store giant Macy's is making big cuts to its staffing, but the company is silent when it comes to how those actions will impact its Triangle presence.  MacyÃ¢ÂÂ reported $3.58 billion in losses after a difficult first quarter that saw the Cincinnati-based chain temporarily close all of its 680 stores March 18, furloughing nearly 130,000 employees. On June 25, the company said it will eliminate approximately 3,900 corporate and management roles in addition to reducing in-store, supply chain and customer support staff."
2020-07-06,Macy's Incorporated,2020-07-06 to 2020-07-06,nan,Macy's to cut thousands of positions in restructuring,"Department store giant Macy's is making big cuts to its staffing.  MacyÃ¢ÂÂ reported $3.58 billion in losses after a difficult first quarter that saw the Cincinnati-based chain temporarily close all of its 680 stores March 18, furloughing nearly 130,000 employees. On June 25, the company said it will eliminate approximately 3,900 corporate and management roles in addition to reducing in-store, supply chain and customer support staff."
2020-07-13,Macy's Incorporated,2020-07-13 to 2020-07-13,nan,"Plant Shut-Downs, Closings & Layoffs Profile -- Macy's Inc.",nan
2020-07-16,Macy's Incorporated,2020-07-16 to 2020-07-16,20:58,"Macy's executives got more than $9 million in stock bonuses after laying off 3,900 workers (M)","* Macy's executives received more than $9 million in stock awards this month.  * Because of the coronavirus pandemic, Macy's laid off 3,900 workers in June."
2020-07-27,Macy's Incorporated,2020-07-27 to 2020-07-27,nan,"Plant Shut-Downs, Closings & Layoffs Profile -- Macy's Inc.",nan
2020-08-10,Macy's Incorporated,2020-08-10 to 2020-08-10,nan,"Plant Shut-Downs, Closings & Layoffs Profile -- Macy's Inc.",nan
2020-11-02,Macy's Incorporated,2020-11-02 to 2020-11-02,nan,"Plant Shut-Downs, Closings & Layoffs Profile -- Macy's Inc.",nan
2020-11-17,Macy's Incorporated,2020-11-17 to 2020-11-17,nan,Macy's to close Lloyd Center store,"The Macy's store at Portland's Lloyd Center will close permanently, according to a notice filed with the state Tuesday.  Macy's notified the state Workforce Investment office of job cuts in a ""plant closure"" for its store at 1100 Lloyd Center."
2020-11-19,Macy's Incorporated,2020-11-19 to 2020-11-19,nan,"GLOBAL MARKETS LIVE: Another vaccine announcement, Nasdaq makes new acquisitionÃ¢ÂÂ¦","The potential vaccine developed by AstraZeneca and Oxford University produces a robust immune response in older adults, Nasdaq announced the acquisition of financial crime prevention software publisher Verafin, Starbucks has planned a huge salary increase for its employees, while industrial job cuts continue in Europe, at ThyssenKrupp in particular.  (MarketScreener.com)"
2021-01-05,Macy's Incorporated,2021-01-05 to 2021-01-06,nan,Macy's to close more stores as part of department store chain's plan to shutter 125 locations in 3 years,"UPDATE: See the Macy's store closing list here.  Forty-five Macy's stores are expected to close by the middle of the year, CNBC reported Tuesday."
2021-01-06,Macy's Incorporated,2021-01-05 to 2021-01-06,nan,"Macy's to shutter Richmond Hilltop Mall location, lay off more than 100 workers","Macy's said Tuesday it will close its 110,000-square-foot store at the shopping center formerly known as the Hilltop Mall in Richmond, a move that will likely result the loss of 133 jobs.  Job eliminations are expected to be permanent and are scheduled to occur between March 14 and March 27, Macy's stated in a Jan. 5 letter to Richmond Mayor Tom Butt in accordance with the state's WARN requirements. Employees will be given information about the opportunity to transfer to open positions in nearby MacyÃ¢ÂÂ locations, the notice stated."
2021-01-18,Macy's Incorporated,2021-01-18 to 2021-01-18,nan,"Plant Shut-Downs, Closings & Layoffs Profile -- Macy's, Inc.",nan
2021-02-15,Macy's Incorporated,2021-02-15 to 2021-02-15,nan,"Plant Shut-Downs, Closings & Layoffs Profile -- Macy's, Inc.",nan
2021-02-22,Macy's Incorporated,2021-02-22 to 2021-02-22,nan,"Plant Shut-Downs, Closings & Layoffs Profile -- Macy's, Inc.",nan
2021-02-27,Macy's Incorporated,2021-02-27 to 2021-02-27,00:52,"Home Depot, GameStop, Johnson & Johnson: Stocks That Defined the Week","Home Depot Inc.  Two giant retailers said the pandemic is not ready to release its grip on their industry yet. A surge in demand for home improvements helped Home Depot's revenue increase 20% in its latest fiscal year, while annual sales at Macy's tumbled nearly 30%. Both sold more online. The retailers said these trends continue in 2021 but could change later this year as vaccines roll out. Home Depot shares fell 3.1% Tuesday, while Macy's shares added 3.9%."
2021-06-07,Macy's Incorporated,2021-06-07 to 2021-06-08,nan,Some Companies Are Taking Longer to Pay Suppliers Despite Recovery; Macy's and Mondelez are among the businesses negotiating longer payment terms after getting used to them during the pandemic,"Last spring, when the coronavirus pandemic hit the U.S. economy, many companies asked their suppliers for more time to pay their bills. A year later, some of them are holding on to the better terms, freeing up extra cash.  Big U.S. companies on average took 58 days to pay suppliers in their first quarters of fiscal 2021, up 5.5% from 55 days in the comparable period last year, according to research from Hackett Group Inc. The business advisory firm gathered the data from corporate disclosures for 938 of the largest public U.S. companies by revenue that have reported results for their fiscal first quarter, excluding financial institutions."
2021-06-08,Macy's Incorporated,2021-06-07 to 2021-06-08,07:32,Some Companies Are Taking Longer to Pay Suppliers Despite Recovery -- WSJ,"This article is being republished as part of our daily reproduction of WSJ.com articles that also appeared in the U.S. print edition of The Wall Street Journal (June 8, 2021).  Last spring, when the coronavirus pandemic hit the U.S. economy, many companies asked their suppliers for more time to pay their bills. A year later, some of them are holding on to the better terms, freeing up extra cash."
2022-01-04,Macy's Incorporated,2022-01-04 to 2022-01-05,22:27,Macy's shortens store hours as COVID-19 cases surge,"(Reuters) -Macy's Inc will reduce its U.S. store hours for the rest of January as it prepares for potential COVID-19 cases among workers with the Omicron variant driving up infections across the United States.  Stores will now be open between 11 am and 8 pm from Monday to Thursday instead of 10 am to 9 pm, but the timings remain unchanged from Friday to Sunday, the company said in a statement on Tuesday."
2022-01-05,Macy's Incorporated,2022-01-04 to 2022-01-05,08:06,Macy's shortens store hours as COVID-19 cases surge,"Macy's Inc will reduce its U.S. store hours for the rest of January as it prepares for potential COVID-19 cases among workers with the Omicron variant driving up infections across the United States, Trend reports with reference to Reuters.  Stores will now be open between 11 am and 8 pm from Monday to Thursday instead of 10 am to 9 pm, but the timings remain unchanged from Friday to Sunday, the company said in a statement on Tuesday."
2022-01-10,Macy's Incorporated,2022-01-10 to 2022-01-10,17:18,UPDATE 3-Omicron-hit Christmas weighs on Lululemon's holiday quarter,"(Adds analyst comment, details on Crocs, Dick's Sporting Goods)  By Deborah Mary Sophia"
2022-01-14,Macy's Incorporated,2022-01-14 to 2022-01-15,10:30,"Walgreens , CVS Shut Some Pharmacies on Weekends as Omicron Strains Staffing -- WSJ",The biggest U.S. drugstore chains are shutting some pharmacies on weekends as the spread of Covid-19 and the Omicron variant exacerbates already severe staffing shortages.  CVS Health Corp . and Walgreens Boots Alliance Inc . said weekend shutdowns are unusual but become a reality when locations lack enough pharmacists and technicians to remain open.
2022-01-15,Macy's Incorporated,2022-01-14 to 2022-01-15,07:33,Big Pharmacy Chains Limit Weekend Hours -- WSJ,The biggest U.S. drugstore chains are shutting some pharmacies on weekends as the spread of Covid-19 and the Omicron variant exacerbates already severe staffing shortages.  CVS Health Corp. and Walgreens Boots Alliance Inc. said weekend shutdowns are unusual but become a reality when locations lack enough pharmacists and technicians to remain open.
2022-09-16,Macy's Incorporated,2022-09-16 to 2022-09-16,nan,NCR to split into two companies because of 'state of financial markets',"After rumors that AtlantaÃ¢ÂÂ NCR Corp. (NYSE: NCR) would be acquired, the financial technology company announced plans to split into two independent, public companies.  One company will focus on ATMs, and the other will focus on digital commerce, according to the Sept. 15 announcement. The separation comes amid constrictions in the capital markets that are causing tech companies to lay off employees or otherwise trim operating costs."
2022-09-27,Macy's Incorporated,2022-09-27 to 2022-09-27,17:17,"Retailers like Walmart and Macy's are dramatically slowing seasonal hiring, a sign that inflation could hammer the holiday shopping season",* Retailers like Walmart and Macy's are reducing the number of seasonal jobs compared with 2021.  * Inflation and a tight labor market may be to blame for scaled-back hiring.
2022-11-22,Macy's Incorporated,2022-11-22 to 2022-11-23,09:20,"A Black Friday guide to North Jersey malls: hours, experiences and inflation","Sales are slowing at Target and Macy's. Amazon and Party City are laying off workers Ã¢ÂÂll signaling a tougher retail environment ahead of the unofficial kickoff of holiday shopping on Friday.  Yet crowds at the American Dream complex in East Rutherford have been brisk this fall, Garden State Plaza kicked off the Christmas season with fanfare last week and Walmart recently raised its earnings outlook for 2022."
2022-11-23,Macy's Incorporated,2022-11-22 to 2022-11-23,nan,A Black Friday guide to malls,"Sales are slowing at Target and Macy's. Amazon and Party City are laying off workers Ã¢ÂÂll signaling a tougher retail environment ahead of the unofficial kickoff of holiday shopping on Friday.  Yet crowds at the American Dream complex in East Rutherford have been brisk this fall, Garden State Plaza kicked off the Christmas season with fanfare last week and Walmart recently raised its earnings outlook for 2022."
2023-01-05,Macy's Incorporated,2023-01-05 to 2023-01-05,nan,"Macy's to close at Lakeforest Mall, setting the stage for redevelopment","MacyÃ¢ÂÂ Inc. is closing its store at GaithersburgÃ¢ÂÂ Lakeforest Mall, setting the stage for the languishing shopping centerÃ¢ÂÂ planned redevelopment.  Axios reported Wednesday that MacyÃ¢ÂÂ (NYSE: M) will soon begin a clearance sale at its store at 701 Russell Ave. and several other locations across the country that will run approximately eight to 12 weeks prior to store closures. MacyÃ¢ÂÂ said it is Ã¢ÂÂommitted to offeringÃ¢ÂÂorkers at the store jobs at nearby locations or severance packages, according to the report."
